title,price,rating
Price and other details may vary based on product size and color.,,
Amazon Basics Cast Iron Kettlebell,18.36,4.8 out of 5 stars
Rep Fitness Adjustable Kettlebell with Matte Powder Coating – Quickly Select From Multiple KG or LB Weight Options for HIIT and Cross Training Workouts,164.99,4.8 out of 5 stars
"FEIERDUN Adjustable Dumbbells, 20/30/40/50/70/90lbs Free Weight Set with Connector, 4 in1 Dumbbells Set Used as Barbell, Kettlebells, Push up Stand, Fitness Exercises for Home Gym Suitable Men/Women",89.99,4.6 out of 5 stars
"Fiar Adjustable Weights Kettlebell Set - Quickly Easy Adjusts 6 Weights(8.5lb-40lb), Silicone Non-Slip Bottom, Ergonomic Kettle Bell for Home Fitness Exercise And Strength Training",149.99,4.7 out of 5 stars
Bowflex SelectTech 840 Kettlebell,149.00,4.8 out of 5 stars
"Apex Adjustable Heavy-Duty Exercise Kettlebell Weight Set Strength Training and Weightlifting Equipment for Home Gyms APKB-5009, Grey",53.88,4.3 out of 5 stars
"Yes4All Kettlebell Cast Iron/Rubber Base/Adjustable Solid Smooth For Strength Training, Home Gym",99.00,4.7 out of 5 stars
"PowerBlock Adjustable Kettlebell, 18-35 lb. Weight Set, Durable Long Lasting Build, Innovative Workout Equipment, Adjustable Weights for Home & Commercial Gyms, Adjustable Kettlebell Weights",169.00,4.7 out of 5 stars
"PowerBlock Adjustable Kettlebell, 18-35 lb. Weight Set, Durable Long Lasting Build, Innovative Workout Equipment, Adjustable Weights for Home & Commercial Gyms, Adjustable Kettlebell Weights",169.00,4.7 out of 5 stars
Adjustable Kettlebell - Kettlebell Weights Set for Home Gym,49.99,4.7 out of 5 stars
Rep Fitness Adjustable Kettlebell with Matte Powder Coating – Quickly Select From Multiple KG or LB Weight Options for HIIT and Cross Training Workouts,229.99,4.8 out of 5 stars
Titan Fitness Plate Loadable Kettlebell Swing,,4.3 out of 5 stars
Kettlebell Kings | Competition Kettlebell Weights (8-48 KG) For Women & Men | Designed For Comfort in High Repetition Workouts | Superior Balance For Better Workouts,130.99,4.7 out of 5 stars
"Fiar Adjustable Weights Kettlebell Set - Quickly Easy Adjusts 6 Weights(8.5lb-40lb), Silicone Non-Slip Bottom, Ergonomic Kettle Bell for Home Fitness Exercise And Strength Training",149.99,4.7 out of 5 stars
Yes4All Adjustable Kettlebell Handle/Kettlebell Handle for Plates,21.02,4.2 out of 5 stars
Yes4All Contoured Adjustable/Neoprene Coated Strength Training Kettlebells Color Weights 5-50lbs,35.48,4.7 out of 5 stars
Ysraell Adjustable Kettlebell Weight Set: 3-in-1 Kettlebells (5lbs 8lbs 12lbs for Choose) for Home Gym Full-Body Workout Strength Training Weight Loss | Especially Good for Beginners & Women,39.99,
Amazon Basics Vinyl Kettlebell,59.66,4.8 out of 5 stars
"Oridum Adjustable Dumbbell, 3-40LBS 12 Weight Options [Dumbbell, Barbell, Kettlebell] 3-in-1 Free Weights with Comfort & Non-Slip Grip | Fast Weight Adjustment for Home Gym Full Body Workout Fitness",229.99,4.8 out of 5 stars
"Kettlebell Set, TopMade 5lb-40lb Vinyl Coated Cast Iron Adjustable Kettlebell Weights Set Exercise Fitness Kettle Ball Dumbbell Grip Weight Kettlebells for Men Women Home Gym Workout Strength Training",49.99,4.5 out of 5 stars
"NewMe Fitness Adjustable Kettlebell Handle for Strength Training Kettlebells for Weight Plates - Home or Gym Workout- Ergonomic Design for a Comfortable, Non-Slip Grip",38.57,4.5 out of 5 stars
"Fiar Adjustable Weights Kettlebell Set - Quickly Easy Adjusts 6 Weights(8.5lb-40lb), Silicone Non-Slip Bottom, Ergonomic Kettle Bell for Home Fitness Exercise And Strength Training",149.99,4.7 out of 5 stars
"10-40LBS Adjustable Kettlebell Weights Sets for Men Women Home Fitness Gym Equipment, Cast Iron Kettle bell Set for Exercises, Weightlifting, Conditioning, Strength and Core Training",109.99,4.4 out of 5 stars
RUNWE Kettlebell Weights Set - UPGRADED Handle Strength Training Kettlebells with Resistance Band Loop Fitness Set Optional for Blue Kettlebell and Pink Kettlebell 5lb 10lb 15lb and 20lb,49.99,4.1 out of 5 stars
"Lusper Adjustable Weight Dumbbell Set, 44LB/55LB/66LB Free Weights with 4 Modes, Used as Barbell, Kettlebell with Star Collars,Weight Set for Home Gym, Fitness Exercise Equipment for Men and Women",115.99,4.6 out of 5 stars
LoGest Adjustable Kettlebell Trainer - Heavy-Duty Exercise Equipment - Compatible with 2-inch Olympic Weight Plates - Ergonomic Equipment Training Tool with Maximum Pressure Capacity up to 315 pounds,17.99,3.8 out of 5 stars
Exerbell Workout Weights – Foldable and Adjustable Kettlebell – Water- and sandbag Kettlebell – Kettle Bell Strength Training Equipment Kettle Ball kettleball kettel Bell,39.00,4.6 out of 5 stars
Adjustable Kettlebell - Kettlebell Weights Set for Home Gym,149.99,4.7 out of 5 stars
"Titan Fitness 5 LB-20 LB Adjustable Kettlebell Weight Set, 6 Drop Cast Iron Plates, Full Body Exercise Home Gym, Weightlifting, Conditioning, Strength and Core Training for Men and Women",,
Adjustable Competition Kettlebell 12-32kg,299.99,4.4 out of 5 stars
"PowerBlock Adjustable Kettlebell, 18-35 lb. Weight Set, Durable Long Lasting Build, Innovative Workout Equipment, Adjustable Weights for Home & Commercial Gyms, Adjustable Kettlebell Weights",169.00,4.7 out of 5 stars
"RitFit Squat Rack Power Cage Home Gym Package, Includes 1000LBS Power Rack with Optional LAT Pull Down or Cable Crossover System, Weight Bench, Rubber/Bumper Plates Set with Olympic Barbell","1,234.99",4.5 out of 5 stars
"LEADNOVO Adjustable Weights Dumbbells Set, 44Lbs 66Lbs 88Lbs 3 in 1 Adjustable Weights Dumbbells Barbell Set, Home Fitness Weight Set Gym Workout Exercise Training with Connecting Rod for Men Women",103.99,4.4 out of 5 stars
"Adjustable Kettlebell - 5 lbs, 8 lbs, 12 lbs Kettlebell Weights Set for Women",50.99,4.8 out of 5 stars
"Critical Supplie 40-lb Adjustable Kettlebell Weight Adjustments with Plates: 15 , 20, 25, 30, 35, and 40 LBS -Black",90.00,5.0 out of 5 stars
LoGest Adjustable Kettlebell Trainer - Heavy-Duty Exercise Equipment - Compatible with 2-inch Olympic Weight Plates - Ergonomic Equipment Training Tool with Maximum Pressure Capacity up to 315 pounds,17.99,3.8 out of 5 stars
"7LAMBDA7 Adjustable Kettlebell Set 10 LB – 40 LB, Home Gym or Office Strength Training Equipment, Kettle Bells Weight Set For Men Or Women Strength Training Exercise",107.77,4.3 out of 5 stars
Rep Fitness Adjustable Kettlebell with Matte Powder Coating – Quickly Select From Multiple KG or LB Weight Options for HIIT and Cross Training Workouts,164.99,4.8 out of 5 stars
"Bells of Steel Adjustable Kettlebell - Commercial and Home Gym - Strength Training Kettlebells for Full Body Workouts - Screw Locks for Weight Plates - Competition Standard 35mm Handle, 12-20.5kg up to 32kg",249.99,4.8 out of 5 stars
Kettle Smart® Adjustable Kettlebell - Foldable and Portable Strength Training Kettlebell ideal for Travel and Home Workouts - Water and Sandbag Workout Bag for Full Body Workouts - 10-35LBS,39.00,4.1 out of 5 stars
"Yes4All Workout Sand Bags for Weight - Kettlebell Heavy Duty Sandbag for Fitness, Conditioning Up to 200LBS, Lifting Sand Bag - Multiple Colors & Sizes",16.49,4.5 out of 5 stars
"ZhaoCo Kettlebell Set, Adjustable Kettlebell Weights 5 lbs, 8 lbs, 9 lbs, 12 lbs, Fitness for Full Body Training and Strength Training at Home Gym",42.99,4.8 out of 5 stars
"Forubar Portable Kettlebell Sandbag, Adjustable Sand Kettlebell Soft Sand Bag Weightlifting Dumbbell Gym Fitness BodyBuilding, Yoga Training, Fitness, Cross Training and Heavy Duty Workout 0-60 Pounds",28.88,
"ProsourceFit Adjustable 40lb Cast Iron Kettlebell Weight Set for Home Gym Strength Training, Black",133.18,4.3 out of 5 stars
"Dumbbell Barbell Converter,LA KEN DU Hyperbell EZ Curl Bar,Adjustable Barbell,Kettlebells Adjustable Weight,Hyperbell Bar for Dumbbells",29.99,
KETTLE GRYP - The Original - As Seen on SHARK TANK! Converts Your Dumbbells Into Kettlebells - Made in the USA - Dumbbell Grip Handle,34.95,4.6 out of 5 stars
"Signature Fitness ​Wide Grip Kettlebell Exercise Fitness Weight Set, Set of 3 or Set of 4 Kettlebells",34.99,3.8 out of 5 stars
"Yes4All Kettlebell Vinyl Coated Cast Iron – Great for Dumbbell Weights Exercises, Full Body Workout Equipment Push up, Grip Strength and Strength Training, PVC",21.99,4.8 out of 5 stars
Jayflex Hyperbell Rotating Kettlebell Grip for Dumbbells - Adjustable Weight Dumbbell Grips for Work from Home Fitness - 100 lb Capacity Converter for Kettlebells and Home Workouts,49.00,4.3 out of 5 stars
Gymenist Exercise Kettlebell Fitness Workout Body Equipment Choose Your Weight Size,13.83,4.6 out of 5 stars
HEALTHDA Kettlebell Grip - Convert Dumbbells into Kettle for work from Home Fitness - 90-Degree Rotating Handle with 1.2lbs light weight,31.90,
"FEIERDUN Adjustable Dumbbells, 20/30/40/50/70/90lbs Free Weight Set with Connector, 4 in1 Dumbbells Set Used as Barbell, Kettlebells, Push up Stand, Fitness Exercises for Home Gym Suitable Men/Women",149.99,4.6 out of 5 stars
KETTLE GRYP - The Original - As Seen on SHARK TANK! Converts Your Dumbbells Into Kettlebells - Made in the USA - Dumbbell Grip Handle,34.95,4.5 out of 5 stars
"Yes4All Kettle Grip - Convert Dumbbells into Kettlebells for Versatile Workouts, Home Gym - Anti Slip Kettlebell Handle for Dumbbell, 100 lbs Capacity",26.27,4.4 out of 5 stars
New Image Kettle Bells | Adjustable Kettle bell Set |Water Kettlebell | Exercise Fitness Weight Set | Weight lifting | Core Training | Durable and Strong Design | Strength Training | Ultimate Core and Balance Workout,29.99,4.1 out of 5 stars
"Titan Fitness 10 LB-40 LB Adjustable Kettlebell Weight Set, 6 Drop Cast Iron Plates, Full Body Exercise Home Gym, Weightlifting, Conditioning, Strength and Core Training for Men and Women",,4.0 out of 5 stars
"Signature Fitness Kettlebell Solid Smooth Adjustable/Cast Iron/Rubber Base for Strength Training, Home Gym",29.99,5.0 out of 5 stars
"Bionic Body Soft Kettlebell with Handle for Weightlifting, Conditioning, Strength and core Training",49.99,4.8 out of 5 stars
Titan Fitness Plate Loadable Kettlebell Swing,,4.3 out of 5 stars
"PowerBlock Adjustable Heavy Kettlebell – 35-62 lb. Weight Set, Durable Long Lasting Build, Innovative Workout Equipment, Adjustable Weights for Home & Commercial Gyms, Adjustable Kettlebell Weights",299.00,
ER KANG Adjustable Dumbbell Barbell Kettlebell Set,189.99,4.3 out of 5 stars
"Lusper Adjustable Weight Dumbbell Set, 44LB/55LB/66LB Free Weights with 4 Modes, Used as Barbell, Kettlebell with Star Collars,Weight Set for Home Gym, Fitness Exercise Equipment for Men and Women",99.99,4.5 out of 5 stars
"RUNWE Strength Training Kettlebells Weight - 5LB, 10 LB or 15 LB with Three-handles for Russian Twists AB Exercise, Weightlifting and Core Training All-Purpose Fitness Exercise Home Gym [2023 Latest]",29.99,4.6 out of 5 stars
Stamina | X Kettle Versa-Bell - 36 lbs Strength Training Kettlebell - Adjustable Kettlebell Weights with Smart Workout App - Kettlebell Weights for Home Workout,169.39,4.5 out of 5 stars
Yes4All Kettle Grip Handle to Convert Dumbbells into Kettlebells and Set for Workouts,24.54,4.3 out of 5 stars
Amazon Basics Vinyl Kettlebell,41.12,4.8 out of 5 stars
"ZhaoCo Kettlebell Set, Adjustable Kettlebell Weights 5 lbs, 8 lbs, 9 lbs, 12 lbs, Fitness for Full Body Training and Strength Training at Home Gym",42.99,4.6 out of 5 stars
KETTLE GRYP - The Original - As Seen on SHARK TANK! Converts Your Dumbbells Into Kettlebells - Made in the USA - Dumbbell Grip Handle,34.95,4.6 out of 5 stars
